연번,시군구,업종,업소명,연락처,주소,메뉴1,가격1,메뉴2,가격2,메뉴3,가격3,메뉴4,가격4
1,동구,한식,화롯불,062-224-6119,광주광역시 동구 백서로 168(서석동),돼지갈비(250g),16000,비빔밥,10000,알탕+알밥,11000,,
2,동구,한식,수라상,062-234-2002,광주광역시 동구 제봉로82번길 13-9(동명동),"찌개(된장,순두부,청국장,김치)",6000,"돌솥(된장,순두부,청국장,김치)",8000,"덮밥(낙지,새우,제육)",7000,,
3,동구,한식,밥's,062-222-2838,광주광역시 동구 지산로 211 102호(지산동),돈가스,4500,치즈돈가스,6000,"도리아(치킨, 해물, 김치, 피자)",4500,,
4,동구,한식,태능회관,062-234-2884,"광주광역시 동구 천변좌로 722, 1층(용산동)","돼지갈비(350g)-숯불, 돌판",15000,갈비탕,9000,비빔밥(익비),8000,,
5,동구,한식,대왕김밥(대인동),062-529-3363,"광주광역시 동구 구성로204번길 15-6, 1층(대인동)",김밥,3000,라면,3500,햄야채볶음밥,5000,,
6,동구,한식,죽사랑김밥사랑,062-227-0988,광주광역시 동구 필문대로287번길 23-17(지산동),김밥,3000,된장찌개,5000,라면,3500,,
7,동구,한식,학동김밥,062-225-3248,"광주광역시 동구 남문로 683, 1층(학동)",김밥,3000,라면,3500,된장찌개,5500,,
8,동구,한식,담양참숯돼지갈비,062-676-6077,광주광역시 동구 천변좌로 614-12(소태동),돼지갈비(250g),14000,떡갈비(300g),14000,,,,
9,동구,한식,소태회관,062-236-2465,광주광역시 동구 학소로 63(소태동),삼겹살(200g),14000,돼지갈비(300g),14000,야채비빔밥,7000,,
10,동구,중식,황후,062-234-0097,"광주광역시 동구 학소로 91, 1층(소태동)",짜장면,6000,짬뽕,7000,탕수육,21000,,
11,동구,한식,우리뷔페,062-364-3816,"광주광역시 동구 금남로 181, 1층 102호(금남로5가)",백반,6000,,,,,,
12,동구,한식,해뜨는식당,062-227-6063,"광주광역시 동구 제봉로190번길 7-1, 1층(대인동)",백반,1000,,,,,,
13,동구,한식,돈까스틱,062-376-2278,"광주광역시 동구 지산로 7, 2층(서석동)",왕돈가스,7500,순두부찌개,7500,돈가스+치즈돈가스,8000,,
14,동구,중식,짜앤짬탕수육,062-234-0052,"광주광역시 동구 제봉로212번길 2-8, 1층(대인동)",짜장면,4000,짬뽕,5000,탕수육(중),12000,,
15,동구,한식,마쏘라까망베르,062-224-5004,광주광역시 동구 필문대로205번길 19(지산동),돈가스(L),8000,돈가스(S),6000,"덮밥(해물, 김치제육)",7000,,
16,동구,한식,반디식당,062-222-0809,광주광역시 동구 구성로 258(계림동),백반,6000,,,,,,
17,동구,한식,원지식당,062-227-9934,광주광역시 동구 학소로 96(소태동),삼겹살(200g),13000,,,,,,
18,동구,한식,한우물,062-675-9944,광주광역시 동구 필문대로191번길 15-2(산수동),생선구이(모듬),9000,갈치조림(2인가능),11000,,,,
19,동구,한식,간42,062-234-8242,"광주광역시 동구 필문대로287번길 19-6, 1층(지산동)",수제돈가스,6000,김치찌개,5000,부대찌개,5500,,
20,동구,한식,미미상회,062-236-2879,"광주광역시 동구 백서로 182, 1층(서석동)",생삼겹(180g),11000,돼지갈비(250g),120000,목살(180g),11000,,
21,동구,중식,진 숯불갈비,0507-1482-7550,광주광역시 동구 무등로 529(산수동),짜장면,5000,짬뽕,7000,탕수육,19000,,
22,동구,한식,산수골,062-233-3318,광주광역시 동구 경양로 340(산수동),병어조림(2인),30000,,,,,,
23,동구,한식,명지원,062-227-3565,광주광역시 동구 구성로 252(계림동),생삼겹(200g),14000,비빔밥,8000,곰탕,8000,,
24,동구,한식,박순자녹두집,062-223-8694,광주광역시 동구 구성로204번길 26(대인동),수제비,6000,팥죽,7000,,,,
25,동구,한식,장독대,062-223-5630,"광주광역시 동구 문화전당로 43, 3층(광산동)",주물럭쌈밥(2인이상),12000,,,,,,
26,동구,한식,대왕김밥(학동),062-223-0868,광주광역시 동구 남문로 671(학동),김밥,3000,라면,3500,돈가스,7000,,
27,동구,한식,제주덕구 동명점,062-226-1020,"광주광역시 동구 동명로 4, 1층(장동)",김치찌개,7000,된장찌개,7000,김치생말이국수,6000,,
28,동구,한식,칠미,062-228-7228,"광주광역시 동구 지산로 69, 1층(지산동)",김밥,3000,김치찌개,8000,돌솥비빔밥,8000,,
29,동구,미용업,헤어디자이너 수빈,062-463-6402,"광주광역시 동구 의재로26번길 4-2, 1층(학동)",성인여자컷트,12000,성인남자컷트,10000,청소년,8000,,
30,동구,한식,서석식당,062-223-9009,"광주광역시 동구 백서로 171, 1층(서석동)",낚지비빔밥,9000,,,,,,
31,동구,한식,장터,062-228-0252,광주광역시 동구 백서로 180(서석동),삼겹살(180g),12000,갈비+제육(학생만),6000,제육볶음,8000,,
32,동구,한식,삼미식당,062-227-0391,광주광역시 동구 백서로189번길 14-32(서석동),간짜장,7000,짬뽕,7000,짜장,6000,,
33,동구,한식,참스민,062-232-3883,"광주광역시 동구 남문로 752-3, 1층(학동)",김밥,2500,라면,3000,"찌개(순두부,된장)",5500,,
34,동구,한식,종합분식,062-225-4928,광주광역시 동구 장동로 23-3(장동),"찌개(김치,참치,순두부,부대)",7000,볶음밥,7000,비빔밥,6000,,
35,동구,미용업,교대헤어매직,062-523-1269,"광주광역시 동구 무등로375번길 24, 1층(계림동)",성인여자컷트,12000,성인남자컷트,12000,대학생컷트,11000,,
36,동구,미용업,주영미용실,062-529-3184,"광주광역시 동구 무등로375번길 27-1, 1층(계림동)",성인남녀컷트,10000,,,,,,
37,동구,목욕업,명문목욕탕,062-227-2459,광주광역시 동구 지원로 5(소태동),목욕,6000,,,,,,
38,동구,한식,충오식육식당,062-228-7251,광주광역시 동구 구성로 154(수기동),삼겹살(200g),15000,,,,,,
39,동구,한식,계림동나주곰탕,062-225-0970,광주광역시 동구 구성로 262-9(계림동),곰탕,10000,,,,,,
40,동구,목욕업,호수목욕탕,062-226-1142,광주광역시 동구 구성로194번길 7-1(대인동),목욕,4000,,,,,,
41,동구,한식,옥땡김밥,062-263-0527,광주광역시 동구 무등로 503-1(산수동),김밥,2500,,,,,,
42,동구,한식,골목식당,062-224-2065,광주광역시 동구 서석로7번길 6-16(불로동),병어조림(2인),30000,김치찌개(2인),16000,,,,
43,동구,미용업,서림미용실,062-228-2909,"광주광역시 동구 운림길 23, 상가동 202호(운림동, 무등파크맨션)",성인여자컷트,10000,성인남자컷트,10000,,,,
44,동구,한식,대우회관,062-222-5595,광주광역시 동구 의재로26번길 3(학동),삼겹살(200g),13000,,,,,,
45,동구,한식,이가네한우방,062-222-4614,광주광역시 동구 의재로26번길 6(학동),삼겹살(200g),13000,,,,,,
46,동구,한식,전지적돼지시점,062-224-1656,광주광역시 동구 지산로 40(지산동),김치찌개,7500,,,,,,
47,동구,한식,보성웰빙식당,062-228-5530,광주광역시 동구 학소로106번길 19(소태동),삼겹살(200g),14000,,,,,,
48,동구,한식,담양국수,062-226-1174,광주광역시 동구 증심사길30번길 28-3 (운림동) 1층,멸치(비빔)국수,5000,,,,,,
49,동구,기타비요식업,백수인요가원,070-5025-1560,"광주광역시 동구 밤실로 147 (산수동, 두암타운) 상가동 2층",1개월권(주5회),100000,,,,,,
50,동구,양식,나젤로,062-223-2277,광주광역시 동구 필문대로153번길 29 (산수동) 1층,알리오올리오파스타,11000,,,,,,
51,동구,한식,덕산오징어보쌈,062-223-5868,광주광역시 동구 남문로622번길 20,점심백반,8000,,,,,,
52,동구,일식,이가진우동,062-233-3488,"광주광역시 동구 학소로 141, 1층",유부우동,5000,우동,5000,,,,
53,서구,세탁업,우미세탁소,062-384-7749,광주광역시 서구 상무민주로 122(쌍촌동),양복1벌드라이,6500,바지하단수선,3000,,,,
54,서구,세탁업,중흥세탁,062-385-2525,광주광역시 서구 상무민주로 104(쌍촌동),양복1벌드라이,6000,셔츠드라이,2000,블라우스드라이,3000,,
55,서구,미용업,주주헤어클럽,0507-1414-0901,광주광역시 서구 화정로 249(화정동),커트,12000,펌,35000,,,,
56,서구,세탁업,럭키세탁소,062-372-6901,광주광역시 서구 염화로40번길 20(화정동),양복1벌드라이,7000,,,,,,
57,서구,기타비요식업,히트노래방,062-362-9652,광주광역시 서구 내방로 346(화정동),1시간,10000,,,,,,
58,서구,한식,동해회바다,062-367-1023,광주광역시 서구 경열로26번길 3(농성동),생선초밥,10000,낙지비빔밥,9000,,,,
59,서구,숙박업,순천장,062-366-0902,광주광역시 서구 경열로 12(농성동),숙박,25000,대실,10000,,,,
60,서구,한식,수목원,062-382-8800,광주광역시 서구 내방로157번길 4(쌍촌동),삼겹살,13000,생고기,35000,,,,
61,서구,한식,무등회관,062-364-2746,광주광역시 서구 죽봉대로111번길 12(광천동),돌솥비빔밥,8000,생삼겹(200g),13000,백반,7000,,
62,서구,한식,상해회관,062-352-8255,광주광역시 서구 경열로 151-1(농성동),삼겹살(200g),13000,추어탕,6000,제육볶음,8000,,
63,서구,세탁업,남진컴퓨터,062-368-3931,광주광역시 서구 구성로 109-3(양동),정장1벌드라이,6000,바지하단수선,3000,,,,
64,서구,미용업,뉴욕진헤어,062-366-3436,"광주광역시 서구 경열로54번길 8, 1층(농성동)",일밤펌,30000,염색,30000,커트,10000,,
65,서구,한식,예향한우촌,062-651-8292,광주광역시 서구 풍금로4번길 5(풍암동),백반,8000,생고기(150g),24000,익힌비빔밥,8000,,
66,서구,목욕업,공간목욕탕,062-363-4545,광주광역시 서구 금화로 488(농성동),성인,7000,어린이,5000,유아,4000,,
67,서구,한식,진성회관,062-362-6688,광주광역시 서구 금화로481번길 6-16(농성동),익힌비빔밥,8000,생삼겹(200g),13000,생고기(200g),28000,,
68,서구,기타비요식업,세븐노래연습장,0507-1318-8331,"광주광역시 서구 시청로56번길 8, 지하1층(치평동)",  ,8000,30분,4000,,,,
69,서구,한식,이가옹구삼겹살,062-371-8388,광주광역시 서구 시청서편로 2(치평동),돼지주물럭백반,9000,묵은지김치전골,9000,,,,
70,서구,한식,장흥한우,062-371-4455,광주광역시 서구 상무연하로 15(치평동),곰탕,8000,생고기비빔밥,8000,,,,
71,서구,한식,진미가람,062-374-1022,광주광역시 서구 상무중앙로28번길 18(치평동),육회(200g),29000,돼지갈비(270g),16500,,,,
72,서구,한식,금강식당,0507-1476-9112,광주광역시 서구 천변우하로 373(동천동),생고기비빔밥,8000,곰탕,7000,생고기(250g),35000,,
73,서구,한식,삼겹살파티,062-381-5565,"광주광역시 서구 상무시민로 99, 2층(치평동)",장삼겹살,67000,,,,,,
74,서구,한식,수미식당,062-364-0110,광주광역시 서구 월산로165번길 9(농성동),김치찌개,7000,생삼겹살(200g),13000,돌솥비빔밥,7000,,
75,서구,미용업,벨라샵,062-383-5091,광주광역시 서구 염화로57번길 20(화정동),커트,12000,염색,20000,,,,
76,서구,한식,김강심 칼국수,062-682-8801,광주광역시 서구 회재로 841(매월동),바지락칼국수,9000,팥죽,9000,,,,
77,서구,한식,대정회관,062-364-7999,광주광역시 서구 대남대로462번길 3(농성동),청국장,8000,약백숙,60000,,,,
78,서구,미용업,첫눈에 반해,062-431-7114,광주광역시 서구 발산로 46(양동),성인커트,10000,일반펌,35000,,,,
79,서구,한식,시골농장,062-364-3226,광주광역시 서구 경열로54번길 3-1(농성동),삼겹살,15000,,,,,,
80,서구,중식,모리화,062-652-8552,광주광역시 서구 풍금로 31-1(풍암동),짜장면,5500,짬뽕,7000,,,,
81,서구,한식,치킨튀기는오빠,062-655-5878,"광주광역시 서구 풍암순환로 82, 상가동 1층 104호(풍암동)",오리지널빠닭,14900,양념빠닭,15900,,,,
82,서구,한식,신토불이국민동태탕,062-371-7175,"광주광역시 서구 상무버들로 34, 1층(유덕동)",생삼겹살(200g),11000,김치찌개,7000,,,,
83,서구,중식,일품향,062-384-0723,광주광역시 서구 화정로179번길 29-3(화정동),짜장면,6000,짬뽕,7000,,,,
84,서구,미용업,수스토리,062-401-7556,광주광역시 서구 월산로 178-1(농성동),성인커트,10000,일반펌,30000,전체염색,60000,,
85,서구,한식,으뜸원+한우식육식당,0507-1347-9298,광주광역시 서구 내방로 280(내방동),생삼겹살(200g),8000,곰탕,8000,생고기(100g),8500,,
86,서구,한식,1층고깃집,0507-1368-8883,광주광역시 서구 상무화원로32번길 25-10 1층(치평동),삼겹살(200g),15000,,,,,,
87,서구,한식,청림정,062-363-1739,광주광역시 서구 화정로293번길 25(농성동),생삼겹살(200g),12000,김치찌개,7000,,,,
88,서구,미용업,꺳잎머리,062-361-1781,광주광역시 서구 경열로76번길 6(농성동),성인커트,10000,학생커트,8000,,,,
89,서구,한식,혜민이네추어탕,062-369-1237,광주광역시 서구 대남대로450번길 11-1(농성동),추어탕,9000,,,,,,
90,서구,한식,별천지,062-375-2795,광주 서구 상무대로695번길 8,생선구이백반,9500,제육볶음,9500,,,,
91,서구,한식,시골집,062-363-8663,광주 서구 내방로398번길 4,동태찌개,9000,삼겹살,14000,돼지주물럭,10000,,
92,서구,한식,동해계절맛집,062-385-6363,광주 서구 계수로 56,김치찌개,9000,생선구이백반,9000,청국장,9000,,
93,서구,한식,어촌,062-383-5673,광주 서구 시청서편로4번길 15,굴떡국,10000,매생이떡국,10000,낙지비빔밥,10000,,
94,서구,한식,상무본가장어,062-372-9293,광주 서구 시청서편로 4번길 16-1,장어탕,9000,대구뽈탕,9000,갈비탕,15000,,
95,서구,기타비요식업,광주밧데리전문점,062-385-3255,광주 서구 서광주로 200(마륵동),로케트(80L),75000,델코(80L),75000,,,,
96,서구,한식,담양통추어탕,062-384-9980,광주 서구 월드컵4강로229번길 47(쌍촌동),추어탕,10000,,,,,,
97,서구,한식,노란무이야기,062-676-7982,광주 서구 화개중앙로 71-1(금호동),짜장면,6000,해물덮밥,9000,매콤쟁반짜장,15000,간짜장,8000
98,서구,서비스,화사하다,2972-8508,"광주 서구 내방로 415, 상가동 1층 103호(농성동, 광천중해마루힐 주상복합)",컷트,18000,,,,,,
99,서구,서비스,대흥민속목욕탕,062-374-7079,광주 서구 운천로 34(금호동),성인,7000,아동,3000,,,,
100,서구,서비스,럭키탕,062-366-4600,광주 서구 화운로 104(화정동),성인,5500,아동,3500,,,,
101,서구,기타요식업,팔도못난이빵,062-413-5660,광주 서구 천변좌로 238,찹쌀 도넛(3개),2000,,,,,,
102,서구,한식,월드밥,062-350-8111,광주 서구 군분2로 54,뷔페,7000,,,,,,
103,서구,한식,우리 동네 밥 먹는집,062-456-2217,광주 서구 화개중앙로 18 뉴타운1층,뷔페,8000,,,,,,
104,서구,한식,나주곰탕 노안집,062-382-0525,광주 서구 서광주로 171 1층 ,곰탕,9000,나주곰탕,9000,,,,
105,서구,한식,행복식당,0507-1366-9253,광주 서구 화개중앙로 73,돼지김치찌개,8000,,,,,,
106,남구,중식,장가계,062-653-1233,광주광역시 남구 백서로 67(양림동),자장면,6000,짬뽕,7000,,,,
107,남구,중식,윤호식당,062-652-8182,광주광역시 남구 제중로 30(양림동),자장면,5000,짬뽕,6000,탕수육,22000,,
108,남구,중식,평화루,062-361-3313,광주광역시 남구 군분로77번길 6-1(월산동),자장면,3500,짬뽕,4500,탕수육,15000,,
109,남구,한식,행복한양림밥상,062-673-7222,광주광역시 남구 양림로 42(양림동),야채비빔밥,8000,삼겹살,13000,,,,
110,남구,한식,뚱스넥,062-675-7724,광주광역시 남구 제중로 39(양림동),찌개류,5000,칼국수,5000,비빔밥,5000,,
111,남구,한식,벽옥,062-367-3392,광주광역시 남구 군분로 73(월산동),냉면,5000,양념갈비,14000,,,,
112,남구,한식,옛고을,062-352-7505,광주광역시 남구 군분로 58-2(월산동),삼겹살,13000,,,,,,
113,남구,한식,살맛나는세상,062-676-8592,광주광역시 남구 광복마을길 71(진월동),갈비탕,8000,삼계탕,12000,찌개류,8000,,
114,남구,세탁업,유림종합크리닝,062-367-3677,광주광역시 남구 월산로151번안길 1(월산동),세탁료,5000,수선료,3000,,,,
115,남구,미용업,좋은날헤어,062-676-0056,광주광역시 남구 독립로10번길 3(백운동),커트,7000,염색,25000,,,,
116,남구,미용업,두리미용실,062-651-4151,광주광역시 남구 천변좌로552번길 21-1(방림동),커트,7000,펌,25000,염색,20000,,
117,남구,미용업,글로벌헤어샵,062-444-1385,광주광역시 남구 독립로10번길 25(백운동),커트,8000,펌,40000,,,,
118,남구,미용업,리샾헤어,062-672-5204,광주광역시 남구 회서로21번길 1(주월동),커트,11000,,,,,,
119,남구,미용업,지수헤어아트,062-676-7612,광주광역시 남구 회서로 19(주월동),커트,10000,펌,40000,,,,
120,남구,세탁업,사직세탁소,062-651-8065,광주광역시 남구 백서로 55(양림동),세탁료,5000,수선료,3000,,,,
121,남구,기타비요식업,명보스튜디오,062-671-4840,광주광역시 남구 용대로 131(방림동),반명함판,17000,,,,,,
122,남구,기타요식업,카페아짐,062-513-6125, 광주광역시 남구 대남대로181번길 35-1 (봉선동),아메리카노,2500,허브차,3500,,,,
123,남구,미용업,공주들미용실,062-681-7719,광주광역시 남구 독립로 20(백운동),커트,8000,펌,30000,염색,35000,,
124,남구,미용업,박세정헤어,062-232-7003,광주광역시 남구 용대로 193(방림동),커트,12000,,,,,,
125,남구,미용업,뽀글이와 빡빡이 헤어샵,,광주광역시 남구 대남대로159번길 10(봉선동),커트,10000,펌,25000,염색,20000,,
126,남구,한식,엄마딸분식,062-671-8245,"광주광역시 남구 대남대로 65-1, 1층(방림동)",김밥,2500,볶음밥류,6000,찌개류,6500,,
127,남구,한식,은하,062-676-7492,"광주광역시 남구 봉선로51번길 34, 1층(봉선동)",삼겹살,13000,백반,7000,,,,
128,남구,양식,뽀빠이 임실치즈피자,062-366-3002,"광주광역시 남구 대남대로372번길 14, 1층(월산동)",불고기피자,13000,아메리카노,2000,,,,
129,남구,중식,면사무소,062-652-0990,광주광역시 남구 진다리로40번길 2(백운동),자장면,6000,갈비탕,9000,,,,
130,남구,한식,비원고기나라,062-366-7090,"광주광역시 남구 군분로33번길 7, 1층(주월동)",비빔밥,8000,불고기백반,12000,,,,
131,남구,기타요식업,남도식객,062-674-5524,광주광역시 남구 송암로 72(송하동),아메리카노,2000,허브차,3000,,,,
132,남구,미용업,명동헤어센스,062-673-9928,광주광역시 남구 봉선로19번길 21(봉선동),커트,6000,펌,15000,염색,25000,,
133,남구,미용업,미경헤어샵,062-673-9928,광주광역시 남구 독립로 29-1(백운동),커트,7000,펌,25000,염색,25000,,
134,남구,기타요식업,양림토스트,062-653-2156,"광주광역시 남구 제중로 39, 1층(양림동)",아메리카노,2000,수제차,2500,,,,
135,남구,기타비요식업,복음사진관,062-651-4366,광주광역시 남구 봉선중앙로 81(봉선동),반명함판,18000,,,,,,
136,남구,중식,왕자관돌고개점,062-365-1515,광주광역시 남구 월산로151번길 7 (월산동),자장면,6000,탕수육,22000,,,,
137,남구,한식,담양참숯돼지떡갈비,062-671-5090,광주광역시 남구 양림로 67 (양림동),떡갈비백반,7000,떡갈비,14000,,,,
138,남구,기타요식업,카페어비슨(양림교회),062-675-3232,광주광역시 남구 백서로70번길 2 (양림동),아메리카노,2500,녹차류,3000,,,,
139,남구,한식,갈비명가아라네,062-369-1582,광주광역시 남구 군분로 26-1 (월산동),한우불백,12000,갈비탕,10000,비빔밥,8000,,
140,남구,목욕업,대창온천,062-366-3166,광주광역시 남구 월광길 43 (월산동),목욕료,4000,,,,,,
141,남구,목욕업,정우사우나,062-361-3114,광주광역시 남구 금화로422번길 41 (월산동),목욕료,6000,,,,,,
142,남구,한식,현진관,062-352-4911,광주광역시 남구 월산로 ,백반,6500,,,,,,
143,북구,한식,골목대장,563-3434,광주광역시 북구 호동로 9-10 (용봉동),콩나물국밥,4000,된장찌개,5000,순두부찌개,5000,,
144,북구,미용업,꽃님이미용실,261-5532,광주광역시 북구 두리봉길 21 (두암동),컷트,8000,파마,25000,,,,
145,북구,세탁업,남양세탁,573-5585,"광주광역시 북구 설죽로389번길 70(삼각동, 그린타운상가동 112호)",세탁료(드라이),5000,바지기장수선,3000,,,,
146,북구,한식,대바람,523-5392,광주광역시 북구 서방로 76(우산동),삼겹살(200g),13000,순두부찌개,7000,냉면,7000,,
147,북구,이용업,동광이발관,262-0147,광주광역시 북구 면앙로 139 (우산동),컷트(면도포함),10000,,,,,,
148,북구,미용업,머리헤어,573-7997,광주광역시 북구 설죽로 407 (삼각동),컷트,8000,파마,25000,,,,
149,북구,미용업,멋진남자이쁜여자,269-0997,광주광역시 북구 안산로 25 (오치동),컷트,10000,파마,30000,염색,20000,,
150,북구,한식,범두정,524-2472,광주광역시 북구 동문대로 72-1(두암동),된장찌개,7000,비빔밥(돌비),8000,김치찌개,7000,,
151,북구,중식,삼호반점,522-3180,광주광역시 북구 용주로 30번길 9 (용봉동),탕수육(中),20000,자장면,5000,짬뽕,5500,,
152,북구,미용업,샤론뷰티헤어,418-6387,광주광역시 북구 중문로84번길 62 (문흥동),컷트,12000,파마,30000,,,,
153,북구,미용업,성숙헤어,062-521-9543,광주광역시 북구 서양로 166 (우산동),컷트,10000,파마,30000,염색,25000,,
154,북구,미용업,아름다운갈색머리,523-8652,광주광역시 북구 필문대로11번길 12 (풍향동),컷트,10000,파마,30000,,,,
155,북구,미용업,아름다운헤어샵,262-8584,"광주광역시 북구 삼정로 10(두암동, 두암주공아파트 4단지 상가동 104호)",컷트,7000,파마,20000,염색,15000,,
156,북구,미용업,애니,261-4389,광주광역시 북구 서하로233번길 50 (오치동),컷트,12000,파마,30000,,,,
157,북구,한식,엄마손식당,529-3047,광주광역시 북구 무등로262번길 9 (중흥동),된장찌개,7000,김치찌개,7000,애호박찌개,7000,,
158,북구,미용업,정헤어,529-1326,"광주광역시 북구 비엔날레로 49, 104호(운암동)",컷트,10000,파마,30000,,,,
159,북구,세탁업,주공세탁,266-3989,광주광역시 북구 우치로231번길 50 (오치동),"양복(상,하)",5000,바지기장수선,3500,,,,
160,북구,이용업,주공이용원,268-6551,광주광역시 북구 우치로231번길 50 (오치동),컷트,10000,,,,,,
161,북구,한식,한국,527-5595,광주광역시 북구 반룡로28번길 27 (용봉동),돼지갈비(250g),13000,삼겹살(200g),13000,,,,
162,북구,미용업,현대헤어샵,261-1852,광주광역시 북구 동문대로204번길 37 (각화동),컷트,7000,파마,20000,,,,
163,북구,목욕업,황금사우나,573-3536,광주광역시 북구 연양로 36 (양산동),목욕료,6000,,,,,,
164,북구,한식,가마솥나주곰탕,525-9696,광주광역시 북구 서방로 82(우산동),비빔밥(생비),8000,돈가스,7000,냉면,6000,,
165,북구,미용업,가위소리,521-1892,광주광역시 북구 서림로 32(임동),남자컷트,7000,남자파마,10000,,,,
166,북구,한식,고기마트식육식당,264-8043,광주광역시 북구 군왕로194번길 7(각화동),한우생고기비빔밥,10000,한우육회비빔밥,8000,김치찌개,8000,,
167,북구,한식,말바우주차장구내식당,262-1350,광주광역시 북구 서방로 81번길 27 (우산동),냉면,7000,갈비탕,10000,비빔밥(생비),9000,,
168,북구,한식,옴팡골콩나물국밥,262-9885,광주광역시 북구 호동로 9-7 (용봉동),콩나물국밥,5000,김치찌개,6000,순두부찌개,6000,,
169,북구,한식,전라도홍어망월상회,264-4379,광주광역시 북구 동문대로 85번길 59 (우산동),홍어회(100g),6000,홍어찜(100g),3000,홍어무침(100g),2500,,
170,북구,중식,청송반점,525-2373,광주광역시 북구 천변우로 257번길 24 (누문동),자장면,5000,짬뽕,6000,탕수육(中),23000,,
171,북구,중식,현대(반점),522-0081,광주광역시 북구 청계로 81 (용봉동),자장면,6000,짬뽕,7000,국밥,7000,,
172,북구,한식,담양숯불갈비,266-1799,광주광역시 북구 호동로10 (중흥동),비빔밥(돌비),8000,냉면,8000,김치양념전골,8000,,
173,북구,목욕업,일곡녹차사우나,576-7801,"광주광역시 북구 일곡마을로 10-1, 청솔@상가동 120호, B101호 (일곡동)",목욕료,5000,,,,,,
174,북구,한식,무들목장,574-6401,광주광역시 북구 일곡마을로 15-1 (일곡동),김치찌개,8000,비빔밥(생비),9000,삼겹살,13000,,
175,북구,한식,우리뷔페(북동점),228-2002,광주광역시 북구 금남로131번길 13 (북동),한식백반,6000,,,,,,
176,북구,한식,우리뷔페(중흥점),526-6688,광주광역시 북구 제봉로 330 (중흥동),한식백반,6000,,,,,,
177,북구,한식,넝쿨채,268-7900,광주광역시 북구 매곡로32-7 (매곡동),넝쿨채정식(떡갈비 100g),15000,,,,,,
178,북구,한식,서울김밥,222-6234,광주광역시 북구 서방로54-1 (중흥동),김밥,2500,라면,3500,돈까스,6000,,
179,북구,한식,숙희네왕대포집,0507-1333-6156,광주광역시 북구 서하로214번길17 (오치동),병어조림(2인분),12000,고등어구이(2인분),12000,김치찌개(2인분),12000,,
180,북구,한식,일곡치킨,574-3392,광주광역시 북구 설죽로 545-2 상가 2동 102호 (일곡동),후라이드치킨,14000,양념치킨,15000,,,,
181,북구,한식,털보하우스,264-0644,광주광역시 북구 우치로126번길7 (용봉동),돌솥비빔밥,6500,김치찌개,6000,순두부찌개,6000,,
182,북구,중식,궁차이나,574-2040,광주광역시 북구 서하로183번길 31 (오치동),짜장면,5000,짬뽕,7000,탕수육(중),22000,,
183,북구,미용업,엘림미용실,0507-1420-0125,광주광역시 북구 당뫼로8번길 37 (중흥동),컷트,10000,파마,15000,염색,20000,,
184,북구,미용업,뽀글뽀글,265-5577,광주광역시 북구 호동로75번길 16-3 (문흥동),컷트,9000,파마,25000,염색,20000,,
185,북구,세탁업,중흥세탁소,511-6161,"광주광역시 북구 금호로86번길 22, 중흥아파트2차 상가동 102호 (운암동)",세탁료(드라이),5000,바지기장수선,3000,,,,
186,북구,한식,여수세꼬시,512-7772,광주광역시 북구 서방로107번길 62 (두암동),낙지비빔밥,12000,,,,,,
187,북구,목욕업,현대사우나,267-0196,광주광역시 북구 동문대로86번길 69-2 (두암동),목욕료,6000,,,,,,
188,북구,미용업,헤어페스티벌,531-5550,광주광역시 북구 군왕로 57-1 (두암동),컷트,6000,파마,20000,,,,
189,북구,한식,큰집진국밥,513-1065,광주광역시 북구 북문대로159번길 42 (운암동),콩나물국밥,5000,내장국밥,6000,순대국밥,6000,,
190,북구,한식,머꼬요,0507-1396-3438,광주광역시 북구 우치로 186 (용봉동),라면,2500,김치찌개,7000,참치마요덮밥,4000,,
191,북구,이용업,효동이용원,511-2992,광주광역시 북구 군왕로8번길 8(풍향동),컷트,10000,컷트(면도포함),12000,,,,
192,북구,미용업,해나41헤어,266-5273,광주광역시 북구 참판로 41(풍향동),남성컷트,10000,여성컷트,12000,,,,
193,북구,한식,도야지에꿈식육식당,681-9292,광주광역시 북구 중외길 30(매곡동),삼겹살(200g),14000,돼지갈비(300g),15000,양념갈비(300g),14000,,
194,북구,한식,천지연,522-9210,광주광역시 북구 설죽로 214번길 90 (용봉동),비빔밥,3000,김치찌개,3500,순두부찌개,3500,,
195,북구,중식,착한중식당,0507-1380-3401,광주광역시 북구 우치로 72 (중흥동),짜장면,4900,짬뽕,6900,탕수육(대),17000,,
196,북구,한식,수진식당,528-8251,광주광역시 북구 설죽로 214번길 90 (용봉동),비빔밥,5000,김치찌개,5000,순두부찌개,5000,,
197,북구,한식,뽀글이와둘둘이,511-3244,광주광역시 북구 설죽로 202번길 98 (용봉동),김밥,2000,라면,3000,우동,3000,,
198,북구,한식,다원,266-1648,광주광역시 북구 설죽로 202번길 98 (용봉동),김치찌개,5500,순두부찌개,5500,돌솥비빔밥,5500,,
199,북구,한식,부흥식당,525-2785,광주광역시 북구 중가로 86 (유동),가정식백반,7000,비빔밥,8000,,,,
200,북구,한식,곱돌마루,264-3000,호동로 9-4(용봉동),쌈밥정식,,-,,,,,
201,북구,한식,까시,262-9721,"송월로 30, 1층(오치동)",고등어구이백반,,-,,,,,
202,북구,한식,모퉁이집,070-4038-2714,"호동로 28-1, 2층(중흥동)",멸치국수,,비빔국수,,,,,
203,북구,중식,원보,252-3380,서방로 78-1(우산동),짜장면,,멘보샤(6p),,,,,
204,북구,한식,삼계탕과 해장국,523-7066,대자로 62(운암동),닭볶음탕,,김치찌개,,,,,
205,북구,미용업,느낌헤어,3118-3859,"서암대로 111, 1층(신안동)",커트,,파마,,,,,
206,북구,숙박업,광주 해바라기 호스텔,2118-2987,서방로31번길 9(중흥동),숙박료(1일),,숙박료(1주일),,,,,
207,북구,기타비요식업,라파필라테스,574-2595,"양일로 58, 603호(연제동)","강습료(1개월, 8회)",,-,,,,,
208,북구,기타비요식업,라파휘트니스,574-2595,"양일로 58, 701호(연제동)",헬스클럽이용료(1개월),,헬스클럽이용료(3개월),,,,,
209,북구,기타비요식업,전대팀맥멀티짐2관,0507-1409-8360,용봉로 40(신안동),강습료(1개월),130000,강습료(2개월),230000,,,,
210,북구,기타비요식업,전일복싱클럽 일곡관,571-3525,"설죽로 511, 3층(일곡동)",강습료(1개월),120000,강습료(3개월),300000,,,,
211,북구,기타비요식업,정나눔이공업사,526-8886,용봉로 104(중흥동),엔진오일교체료(소형),50000,엔진오일교체료(중형),60000,,,,
212,북구,한식,전대맛칼국수,062-523-2445,광주 북구 반룡로42번길 26(용봉동),바지락칼국수,7000,,,,,,
213,북구,일식,그여자의 밥상,2353-8374,광주 북구 설죽로214번길 123(용봉동),돈부리,6900,,,,,,
214,북구,일식,돈부리가게,0507-1479-7274,광주 북구 설죽로214번길 122(용봉동),오야꼬동,6000,,,,,,
215,북구,중식,소중대,0507-1468-3410,광주 북구 자미로66번길 15(신안동),자장면,6000,,,,,,
216,북구,한식,광신보리밥,062-264-1811,광주 북구 두리봉길 2-1(두암동),보리밥,10000,,,,,,
217,북구,한식,북동기사식당,062-521-5533,광주 북구 제봉로 258(북동),백반,7000,,,,,,
218,북구,중식,중식당후,062-522-3007,광주 북구 군왕로51번길 80(두암동),짜장면,6000,,,,,,
219,북구,한식,신당명가,062-264-8481,광주 북구 우치로90번길 18(용봉동),탕수육,14000,,,,,,
220,북구,미용업,한올헤어,0507-1316-2641,광주 북구 용주로30번길 69(용봉동),컷트,10000,,,,,,
221,북구,미용업,최호정가위소리,062-251-7758,광주 북구 군왕로51번길 24 1층(두암동),컷트,10000,,,,,,
222,북구,한식,국일관,062-528-3156,광주 북구 대자로 54(운암동),생고기비빔밥,9000,,,,,,
223,북구,한식,향토아구찜보리밥,062-525-9564,광주 북구 북문대로33번길 16(운암동),보리밥,9000,,,,,,
,북구,한식,가람분식,062-264-1341,광주 북구 동문대로180번길 17(두암동),김밥,2500,김치찌개 ,7000,,,,
,북구,목욕업,부강 목욕탕 ,062-417-3332,광주 북구 서방로81(우산동),목욕비,4000,,,,,,
,북구,목욕업,모닝사우나,062-267-8171,광주 북구 서방로81번길 38(우산동),목욕비,4000,,,,,,
,북구,한식,내가본추어탕,062-261-5554,광주 북구 서방로107번길 46-2,추어탕,10000,,,,,,
,북구,한식,믿음고기나라,062-262-9229,광주 북구 동문대로186번길 10,생고기(150g),18000,갈비살(150g),27000,,,,
,북구,일식,하루연어,062-269-0722,광주 북구 호동로15번길 55 1층,생연어 200g,16900,,,,,,
,북구,한식,월드컵고기뷔페,062-372-8897,광주 북구 면앙로6번길 82,고기뷔페(1인),13900,,,,,,
,북구,한식,돼지촌,062-266-0890,광주광역시 북구 호동로 12-6(중흥동),삼겹살,12000,돼지갈비,12000,,,,
,북구,양식,양식집,0507-1379-7887,"광주광역시 북구 북문대로49번길 11,1층(운암동)",경양식돈까스,10000,마르게리따피자,10000,,,,
,북구,한식,참옻나무촌닭,062-574-0038,광주광역시 북구 송해로39번길 18-16(삼각동),옻닭,65000,옻오리,70000,,,,
,광산구,미용업,초이스헤어샵,062-431-3939,광주광역시 광산구 월곡반월로 58, 파마 ,20000, 커트 ,10000,,,,
,광산구,한식,고인돌,062-959-2292,"광주광역시 광산구 수완로 28, 1층(수완동)", 김치찌개 ,7000, 비빔밥(익힘) ,7000,,,,
,광산구,한식,항아리숙성된장삼겹,062-951-8457,광주광역시 광산구 산정로 5, 갈비탕 ,9000, 돌판비빔밥 ,7000,,,,
,광산구,한식,금당촌,062-974-2236,광주광역시 광산구 첨단내촌로70번길 72-1, 돼지갈비(200g) ,14000, 비빔밥 ,9000,,,,
,광산구,일식,스시빈,062-716-7771,"광주광역시 광산구 수완로 14, 2층 (수완동)", 연어초밥(8p) ,15000, 활어초밥(10p) ,18000, 광어회(中) ,28000,,
,광산구,한식,광주1번정육식당,062-959-0192,광주광역시 광산구 수완로73번길 3 (수완동), 냉면 ,7000, 비빔밥 ,9000, 삼겹살 ,16000,,
,광산구,한식,매일대중음식점(매일식당),062-941-0843,광주광역시 광산구 송정로1번길 81송정동 824-9, 곰탕(설렁탕) ,8000, 김치찌개 ,7000, 된장찌개 ,7000,,
,광산구,한식,빛고을 떡갈비,062-944-6670,광주광역시 광산구 광산로29번길 14, 돼지떡갈비(250g) ,15000, 비빔밥 ,9000,,,,
,광산구,세탁업,호반명품세탁,062-955-9100,"광주광역시 광산구 왕버들로251번길 27, 상가동 109호", 양복드라이클리닝 ,7000, 바지밑단수선 ,4000, 와이셔츠세탁 ,3000,,
,광산구,한식,어머니가마솥추어탕,062-941-8892,광주광역시 광산구 광산로30번길 13-1, 추어탕 ,8000, 동태탕 ,8000, 김치찌개 ,8000,,
,광산구,중식,옛날짜장,062-941-8334,"광주광역시 광산구 송도로162번길 11-2, 1층", 짜장면 ,5500, 짬뽕 ,6500,,,,
,광산구,한식,소망분식,062-943-5486,광주광역시 광산구 남동길 30, 김밥 ,2500, 라면 ,2500, 참치김밥 ,3500,,
,광산구,목욕업,은성목욕탕,062-951-5884,광주광역시 광산구 월곡로 39, 목욕료 ,6000, 목욕권(10회) ,55000,,,,
,광산구,목욕업,하남민속대중탕,062-951-5662,광주광역시 광산구 월곡산정로 96-21, 목욕료 ,6000, 목욕권(10회) ,55000,,,,
,광산구,중식,진고개반점,062-955-4477,광주광역시 광산구 신창로105번길 34-14, 짜장면 ,6000, 짬뽕 ,7000,,,,
,광산구,미용업,머리하는날,062-944-3695,광주광역시 광산구 송도로 322, 파마 ,15000, 커트 ,8000,,,,
,광산구,한식,깨비분식,062-942-7324,광주광역시 광산구 광산로30번길 11, 칼국수 ,5500, 라면 ,3500,,,,
,광산구,한식,유건모밀,062-945-1651,광주광역시 광산구 광산로 13, 메밀국수 ,6000, 막국수 ,7000,,,,
,광산구,한식,으뜸식육식당,062-955-6625,광주광역시 광산구 신가삼효로 8-14, 김치찌개 ,8000, 생고기비빔밥 ,8000, 삼겹살(180g) ,15000,,
,광산구,한식,진보쌈,062-941-1880,광주광역시 광산구 남동길48번길 33, 갈비탕 ,8000, 생고기비빔밥 ,8000,,,,
,광산구,한식,시골추어탕,062-943-5588,광주광역시 광산구 산정공원로 50(월곡동), 추어탕 ,9000, 애호박찌개 ,9000,,,,
,광산구,한식,운남골생오리,062-953-5252,광주광역시 광산구 목련로153번안길 54-6 (운남동), 오리구이(한마리) ,45000, 오리탕 ,8000,,,,
,광산구,한식,팔팔참숯구이,062-962-8839,광주광역시 광산구 수완로74번길 11-13 (수완동), 김치찌개 ,6000, 된장찌개 ,6000, 냉면 ,6000,,
,광산구,미용업,손헤어갤러리,062-953-5898,"광주광역시 광산구 비아로45번길 16, 1층 (비아동)", 남자커트 ,13000, 여자커트 ,13000, 염색 ,40000,,
,광산구,미용업,기분좋은날,062-942-7076,"광주광역시 광산구 금봉로 60(소촌동, 1층)", 남자커트 ,10000, 여자커트 ,10000, 파마 ,30000,,
,광산구,한식,청정바다,062-946-7100,"광주광역시 광산구 사암로106번길 70, 나동 1층(우산동)", 애호박찌개 ,6000, 멍게비빔밥 ,6000, 꼬막비빔밥 ,6000,,
,광산구,미용업,수헤어,062-953-6959,"광주광역시 광산구 월곡산정로 12, 102호(우산동, 하남주공아파트상가)", 여자커트 ,15000, 파마 ,40000, 염색 ,35000,,
,광산구,미용업,짱구머리,062-954-2242,광주광역시 광산구 산정공원로 72(월곡동), 남자커트 ,7000, 여자커트 ,7000, 파마 ,15000,,
,광산구,미용업,벨라스킨 앤 바디,062-953-5009,"광주광역시 광산구 월곡중앙로2번길 2, 2층(월곡동)", 얼굴관리 ,30000, 등관리 ,40000, 복부관리 ,40000,,
,광산구,기타요식업,롤러코스터,062-959-5630,"광주광역시 광산구 풍영로101번안길 19-3, 1층(흑석동)", 광어초밥(10p) ,17400, 장어초밥(10p) ,18400, 모듬초밥(10p) ,12400,,
,광산구,미용업,드라마 헤어씨티,062-956-4789,"광주광역시 광산구 하남산단3번로 137(장덕동, 109호)", 남자커트 ,10000, 여자커트 ,10000, 염색 ,30000,,
,광산구,미용업,댕기머리미용실,062-941-5770,"광주광역시 광산구 삼도로 338-1, 1층(도덕동)", 커트 ,8000, 파마 ,15000, 염색 ,15000,,
,광산구,미용업,준미용실,062-945-0010,"광주광역시 광산구 남동길48번길 59, 1층(도산동)", 남자커트 ,10000, 여자커트 ,10000, 염색 ,30000,,
,광산구,미용업,윤헤어,062-945-6608,"광주광역시 광산구 남동길30번길 35-6, 1층 103호(도산동)", 남자커트 ,11000, 여자커트 ,10000, 염색 ,30000,,
,광산구,미용업,멋내기,062-673-1615,광주광역시 광산구 상도산길 36(도산동), 남자커트 ,7000, 여자커트 ,7000, 파마 ,20000,,
,광산구,기타비요식업,바디스쿨,2261-1650,"광주광역시 광산구 송도로 153, 4층(도산동)", 요가1개월권 ,100000, 요가1회권 ,10000, TRX 1회권 ,20000,,
,광산구,미용업,첫눈에반하게,062-372-4512,광주광역시 광산구 용보로 20-2(송정동), 남자커트 ,10000, 여자커트 ,10000, 염색 ,25000,,
,광산구,한식,송정리해물아구찜,062-945-0304,"광주광역시 광산구 내상로33번길 109(송정동, 1층)", 낙지비빔밥 ,9000, 칼국수 ,7000, 아구찜(소) ,30000,,
,광산구,한식,09바다,062-962-2457,"광주광역시 광산구 사암로390번길 13-22, 1층(월곡동)", 장어탕 ,10000, 장어탕(어르신) ,4000,,,,
,광산구,한식,백족발첨단직영점,0507-1398-3357,"광주광역시 광산구 임방울대로801번길 35, 1층(쌍암동)", 족발(소) ,30000, 보쌈(소) ,30000, 보쌈(중) ,35000,,
,광산구,기타요식업,수제스토리,5444-7841,"광주광역시 광산구 송정로8번길 22, 1층(송정동)", 아메리카노 ,3000, 수제에이드 ,4000, 수제차 ,4000,,
,광산구,기타요식업,오지당,0507-1412-8815,"광주광역시 광산구 첨단내촌로35번길 26-8, 1층(월계동)", 코코란다 ,1200, 동그란다 ,1200, 초코란다 ,1500,,
,광산구,중식,현대,062-944-5471,광주광역시 광산구 광산로67번길 24(송정동), 짜장면 ,5000, 짬뽕 ,7000, 탕수육(中) ,23000,,
,광산구,한식,백복발본점,062-951-1033,"광주광역시 광산구 왕버들로252번길 33(신창동, 1층)", 족발(소) ,30000, 보쌈(소) ,30000, 보쌈(중) ,35000,,
,광산구,한식,븟,0507-1355-5336,"광주광역시 광산구 수완로74번길 11-28, 1층(수완동)", 광어(3인) ,27000, 연어(3인) ,27000, 광어+연어 ,29000,,
,광산구,한식,자리봉국밥 수완직영점,062-952-0555,"광주광역시 광산구 장신로20번길 10, 101호(수완동)", 모듬국밥 ,9000, 순대국밥 ,9000, 머리국밥 ,9000,,
,광산구,한식,한국수산,062-962-3663,광주광역시 광산구 장신로 199 (수완동), 광어(3인) ,38000, 우럭(3인) ,38000, 모듬회 ,38000,,
,광산구,기타요식업,플라워카페홀릭스,062-953-0953,"광주광역시 광산구 수완로11번길 17, 1층(수완동)", 아메리카노 ,3500, 레몬차 ,5000, 수제패션후르츠 ,5000,,
,광산구,미용업,뷰티스토리,0507-1327-3363,"광주광역시 광산구 수등로 273-7, 1층(신가동)", 커트 ,7000, 일반커트 ,10000, 파마 ,25000,,
,광산구,미용업,네일르엘,0507-1371-6033,"광주광역시 광산구 선운로2번길 39, 1층(선암동)",네일,35000,패디큐어,45000,,,,
,광산구,기타요식업,도담베이커리,062-972-0033,"광주광역시 광산구 남부대길 10 (월계동) (월계동, 공학관/복지관)",소보루빵,1600,아메리카노,3000,,,,
,광산구,한식,몽실이네식당,062-956-1871,광주광역시 광산구 금봉로 61 (소촌동) 1층,고등어정식,10000,김치찌개,9000,,,,
,광산구,한식,서울장수국수,0507-1337-9139,광주광역시 광산구 송정로8번길 41 (송정동) 1층,잔치국수,6000,열무국수,7000,,,,
,광산구,미용업,수 헤어클럽,062-944-6999,광주광역시 광산구 선운중앙로 56 (선암동) 1층,커트,8000,염색,25000,파마,25000,,
,광산구,한식,수라간,062-954-1222,광주광역시 광산구 비아로34번길 8-14 (도천동) 1층,동태탕,10000,알탕,10000,,,,
,광산구,기타비요식업,핑퐁스토리탁구장,062-973-3959,광주광역시 광산구 임방울대로800번길 72 (월계동) 308호,이용료(1일 무제한),10000,,,,,,
,광산구,기타요식업,고로케삼촌,0507-1489-4601,광주광역시 광산구 송정로8번길 13,고로케,2500,,,,,,
